Filename,Content
1.svg,quinzaine.pythonanywhere.com/sygnw
2.svg,quinzaine.pythonanywhere.com/62Emn
3.svg,quinzaine.pythonanywhere.com/FARkU
4.svg,quinzaine.pythonanywhere.com/zdidQ
5.svg,quinzaine.pythonanywhere.com/huTk6
6.svg,quinzaine.pythonanywhere.com/MRioN
7.svg,quinzaine.pythonanywhere.com/JVqFL
8.svg,quinzaine.pythonanywhere.com/vMHet
9.svg,quinzaine.pythonanywhere.com/Lu8Eq
10.svg,quinzaine.pythonanywhere.com/Osgqr
11.svg,quinzaine.pythonanywhere.com/zZoQK
12.svg,quinzaine.pythonanywhere.com/AqWL6
13.svg,quinzaine.pythonanywhere.com/XngSl
14.svg,quinzaine.pythonanywhere.com/6nNqD
15.svg,quinzaine.pythonanywhere.com/AVTw1
16.svg,quinzaine.pythonanywhere.com/M4o9f
17.svg,quinzaine.pythonanywhere.com/tiPMP
18.svg,quinzaine.pythonanywhere.com/TpB4B
19.svg,quinzaine.pythonanywhere.com/LTVrp
20.svg,quinzaine.pythonanywhere.com/ogkHS
21.svg,quinzaine.pythonanywhere.com/myXzk
22.svg,quinzaine.pythonanywhere.com/jTev1
23.svg,quinzaine.pythonanywhere.com/LkHOK
24.svg,quinzaine.pythonanywhere.com/10aZd
25.svg,quinzaine.pythonanywhere.com/QXoUB
26.svg,quinzaine.pythonanywhere.com/sb3Zu
27.svg,quinzaine.pythonanywhere.com/AEasF
28.svg,quinzaine.pythonanywhere.com/w0bBg
29.svg,quinzaine.pythonanywhere.com/NmhG9
30.svg,quinzaine.pythonanywhere.com/WlI2Q
31.svg,quinzaine.pythonanywhere.com/gsmdj
32.svg,quinzaine.pythonanywhere.com/R7omt
33.svg,quinzaine.pythonanywhere.com/Uy2mM
34.svg,quinzaine.pythonanywhere.com/Nwtgf
35.svg,quinzaine.pythonanywhere.com/aFIiR
36.svg,quinzaine.pythonanywhere.com/h4OXo
37.svg,quinzaine.pythonanywhere.com/QDWgd
38.svg,quinzaine.pythonanywhere.com/ng6US
39.svg,quinzaine.pythonanywhere.com/Vhe47